,log_return,log_return,log_return,log_return,vol_30d,vol_30d,vol_30d,vol_30d,drawdown,drawdown,drawdown,drawdown
,mean,std,min,max,mean,std,min,max,mean,std,min,max
regime,,,,,,,,,,,,
crisis,-0.001242767202530682,0.024575637134356256,-0.13149154641354954,0.1325463760580634,0.02189185052116856,0.010718832131485348,0.005979830653306228,0.0528840441583026,-0.5008872779988373,0.16385519638169965,-0.7793238628593402,0.0
normal,0.0005968380369333636,0.010826563326469592,-0.12043230631785384,0.0709433979126155,0.00971291845974345,0.004750994382020439,0.002688363995281401,0.040318925917230006,-0.16138691700173324,0.20428255730294897,-0.7083242501093372,0.0
post_crisis,0.0014924099814197034,0.014261188108526689,-0.05409169433805516,0.04697794640261943,0.014884251896136024,0.005423519615686935,0.00537563517956685,0.03094278857454015,-0.4346111067255464,0.2709652083785611,-0.7481549529990307,0.0
pre_crisis,0.0018241206743605913,0.012228717895577923,-0.05714601734740299,0.04212516335967287,0.011148104021365195,0.004730510403163045,0.004443209177515136,0.0260411614025516,-0.2445190839800371,0.22821649244271877,-0.5202134536684007,0.0
