,log_return,log_return,log_return,log_return,vol_30d,vol_30d,vol_30d,vol_30d,drawdown,drawdown,drawdown,drawdown
,mean,std,min,max,mean,std,min,max,mean,std,min,max
regime,,,,,,,,,,,,
crisis,-0.0007811228514833702,0.01880896634215966,-0.12765219747281709,0.10957196759533883,0.01585097294455873,0.009579039762984123,0.004978071960893594,0.05409122596083208,-0.19804189531411479,0.12618472284667914,-0.5677538774277282,0.0
normal,0.0005063700337378253,0.009499221267119327,-0.22899728603345348,0.0870887965237932,0.00849400321661931,0.0043704732340650605,0.002244829007872969,0.05337241082778141,-0.07744052514814337,0.09501342699288812,-0.40011521661715,0.0
post_crisis,0.0010968098672545974,0.012525484464373219,-0.060752692996288715,0.0373470906207336,0.013152302059022158,0.005206765324373016,0.004485984292186077,0.03276964847753351,-0.2260230198726672,0.18730533776472677,-0.48178768524539123,0.0
pre_crisis,0.0006539126842136069,0.009426553148714377,-0.03909917534093754,0.03465855271483598,0.008937171572208254,0.0031146922407548896,0.003502566765021863,0.015234402383670768,-0.062252433215324525,0.0632846017248198,-0.19695876735308843,0.0
